Company Name,Address,Phone umber
Roman Nic-Nacs,"1800 Anderson St. San Fransico, CA",215-943-1297
Leonard's,1920 Gratz St. Philadelphia,215-266-5210
Schwartz Sports,10704 Philcrest Rd Philadelphia PA,215-266-2362
 Cherry Hill Mall,"1213 Cherry Hill Drive Cherry Hill, NJ",302-507-6442
Hatstand,567 Main St. Harrisburg PA,654-829-1593
OwlFixIt,"1400 Broad St Philadelphia, PA",785-669-3358
MeritScholars,"402 Tuttleman Ave. Philadelphia, PA",885-652-1858
Ross' Collectibles,"1000 Diamond Street Philadelphia, PA",215-983-2573
Fresno Pawn Shop,"333 Orange Rd Hollywood, CA",610-587-9263
